[
  {
    "id": 1,
    "title": "It is a long established fact that a reader will be Standard Part",
    "desc": "A wonderful serenity has taken possssion of my entire souing like these sweet morning spring whch enjoy with my whole heart I am alone, and feel the charm of existenceths spot whch was create For the bliss of souls like mineing am so happy my dear frend so absori bed in the exquste sens of mere. A wonderful serenity has taken posseson of my entire soung like these sweet mornngs spring whch enjoy …",
    "date": "20",
    "pulishDate": "13 JANUARY 2024",
    "month": "Oct",
    "author": {
      "name": "Mirnsdo Jons"
    }
  },
  {
    "id": 2,
    "title": "It is a long established fact that a reader will be Standard Part",
    "desc": "A wonderful serenity has taken possssion of my entire souing like these sweet morning spring whch enjoy with my whole heart I am alone, and feel the charm of existenceths spot whch was create For the bliss of souls like mineing am so happy my dear frend so absori bed in the exquste sens of mere. A wonderful serenity has taken posseson of my entire soung like these sweet mornngs spring whch enjoy …",
    "date": "22",
    "pulishDate": "13 JANUARY 2024",
    "month": "Nov",
    "author": {
      "name": "John Doe"
    }
  },
  {
    "id": 3,
    "title": "It is a long established fact that a reader will be Standard Part",
    "desc": "A wonderful serenity has taken possssion of my entire souing like these sweet morning spring whch enjoy with my whole heart I am alone, and feel the charm of existenceths spot whch was create For the bliss of souls like mineing am so happy my dear frend so absori bed in the exquste sens of mere. A wonderful serenity has taken posseson of my entire soung like these sweet mornngs spring whch enjoy …",
    "date": "15",
    "pulishDate": "13 JANUARY 2024",
    "month": "Dec",

    "author": {
      "name": "Jane Smith"
    }
  },
  {
    "id": 4,
    "title": "Facebook design is dedicated to what's new in design",
    "desc": "A wonderful serenity has taken possssion of my entire souing like these sweet morning spring whch enjoy with my whole heart I am alone, and feel the charm of existenceths spot whch was create For the bliss of souls like mineing am so happy my dear frend so absori bed in the exquste sens of mere. A wonderful serenity has taken posseson of my entire soung like these sweet mornngs spring whch enjoy …",
    "date": "10",
    "pulishDate": "13 JANUARY 2024",
    "month": "Jan",

    "author": {
      "name": "Michael Johnson"
    }
  },
  {
    "id": 5,
    "title": "Facebook design is dedicated to what's new in design",
    "desc": "A wonderful serenity has taken possssion of my entire souing like these sweet morning spring whch enjoy with my whole heart I am alone, and feel the charm of existenceths spot whch was create For the bliss of souls like mineing am so happy my dear frend so absori bed in the exquste sens of mere. A wonderful serenity has taken posseson of my entire soung like these sweet mornngs spring whch enjoy …",
    "date": "5",
    "pulishDate": "13 JANUARY 2024",
    "month": "Feb",

    "author": {
      "name": "Emily Brown"
    }
  },
  {
    "id": 6,
    "title": "Facebook design is dedicated to what's new in design",
    "desc": "A wonderful serenity has taken possssion of my entire souing like these sweet morning spring whch enjoy with my whole heart I am alone, and feel the charm of existenceths spot whch was create For the bliss of souls like mineing am so happy my dear frend so absori bed in the exquste sens of mere. A wonderful serenity has taken posseson of my entire soung like these sweet mornngs spring whch enjoy …",
    "date": "28",
    "pulishDate": "13 JANUARY 2024",
    "month": "Mar",

    "author": {
      "name": "Daniel Williams"
    }
  },
  {
    "id": 7,
    "title": "Delivering What Consumers Really Value?",
    "desc": "These cases are perfectly simple and easy to distinguish. In a free hour, when our power of On the other hand, organizations have the need for integrating in IT departments",
    "date": "24",
    "pulishDate": "13 JANUARY 2024",
    "month": "Feb",

    "author": {
      "name": "Mirnsdo.H"
    }
  },
  {
    "id": 8,
    "title": "Here at First Baptist Cape Coral we believe!",
    "desc": "These cases are perfectly simple and easy to distinguish. In a free hour, when our power of On the other hand, organizations have the need for integrating in IT departments",
    "date": "24",
    "pulishDate": "13 JANUARY 2024",
    "month": "Feb",

    "author": {
      "name": "Mirnsdo.H"
    }
  },
  {
    "id": 9,
    "title": "We are praying for our community and for.",
    "desc": "These cases are perfectly simple and easy to distinguish. In a free hour, when our power of On the other hand, organizations have the need for integrating in IT departments",
    "date": "24",
    "pulishDate": "13 JANUARY 2024",
    "month": "Feb",

    "author": {
      "name": "Mirnsdo.H"
    }
  },
  {
    "id": 10,
    "title": "Delivering What Consumers Really Value?",
    "desc": "These cases are perfectly simple and easy to distinguish. In a free hour, when our power of On the other hand, organizations have the need for integrating in IT departments",
    "date": "24",
    "pulishDate": "13 JANUARY 2024",
    "month": "Feb",

    "author": {
      "name": "Mirnsdo.H"
    }
  }
]
