[
  {
    "id": 1,
    "title": "Foundation course to understand about software",
    "lesson": "23 Lesson",
    "duration": "1 hr 30 min",
    "featured": true,
    "price": 32,
    "isFree": false,
    "tag": "Data & Tech",
    "skillLevel": "Fullstack",
    "categories": "Art & Design",
    "date": 100,
    "insName": "Micle Jhon"
  },
  {
    "id": 2,
    "title": "Nidnies course to under stand about softwere",
    "lesson": "29 Lesson",
    "duration": "2 hr 10 min",
    "featured": true,
    "price": 32,
    "isFree": true,
    "tag": "English",
    "skillLevel": "Fullstack",
    "categories": "Development",
    "date": 110,
    "insName": "Rinis Jhon"
  },
  {
    "id": 3,
    "title": "Minws course to under stand about solution",
    "lesson": "25 Lesson",
    "duration": "1 hr 40 min",
    "featured": true,
    "price": 40,
    "isFree": false,
    "tag": "Computer Science",
    "skillLevel": "English Learn",
    "categories": "Lifestyle",
    "date": 120,
    "insName": "Jane Austen"
  },
  {
    "id": 4,
    "title": "Design course to under stand about solution",
    "lesson": "36 Lesson",
    "duration": " 3 hr 40 min",
    "featured": true,
    "price": 40,
    "isFree": false,
    "tag": "English",
    "skillLevel": "Intermediate",
    "categories": "Web Design",
    "date": 130,
    "insName": "Micle Robin"
  },
  {
    "id": 5,
    "title": "Data course to under stand about solution",
    "lesson": " 36 Lesson",
    "duration": "3 hr 40 min",
    "featured": true,
    "price": 40,
    "isFree": false,
    "tag": "Ux Desgin",
    "skillLevel": "Fullstack",
    "categories": "Business",
    "date": 140,
    "insName": "Ch. Dickens"
  },
  {
    "id": 6,
    "title": "Big data to under stand about solution pacage",
    "lesson": "30 Lesson",
    "duration": "3 hr 40 min",
    "featured": true,
    "price": 40,
    "isFree": false,
    "tag": "English",
    "skillLevel": "Wordpress",
    "categories": "Art & Design",
    "date": 150,
    "insName": "Ge. Orwell"
  },
  {
    "id": 7,
    "title": "Foundation course to understand about software",
    "lesson": "23 Lesson",
    "duration": "1 hr 30 min",
    "featured": true,
    "price": 32,
    "isFree": false,
    "tag": "Computer Science",
    "skillLevel": "English Learn",
    "categories": "Art & Design",
    "date": 160,
    "insName": "Vi. Woolf"
  },
  {
    "id": 8,
    "title": "Nidnies course to under stand about softwere",
    "lesson": "29 Lesson",
    "duration": "2 hr 10 min",
    "featured": true,
    "price": 32,
    "isFree": true,
    "tag": "Ux Desgin",
    "skillLevel": "English Learn",
    "categories": "Lifestyle",
    "date": 170,
    "insName": "J Tolkien"
  },
  {
    "id": 9,
    "title": "Minws course to under stand about solution",
    "lesson": "25 Lesson",
    "duration": "1 hr 40 min",
    "featured": true,
    "price": 40,
    "isFree": false,
    "tag": "Data & Tech",
    "skillLevel": "Intermediate",
    "categories": "Lifestyle",
    "date": 180,
    "insName": "Ag. Christie"
  },
  {
    "id": 10,
    "title": "Foundation course to understand about software",
    "lesson": "23 Lesson",
    "duration": "1 hr 30 min",
    "featured": true,
    "price": 32,
    "isFree": false,
    "tag": "Ux Desgin",
    "skillLevel": "Wordpress",
    "categories": "Business",
    "date": 190,
    "insName": "Emily Bronte"
  },
  {
    "id": 11,
    "title": "Nidnies course to under stand about softwere",
    "lesson": "29 Lesson",
    "duration": "2 hr 10 min",
    "featured": true,
    "price": 32,
    "isFree": true,
    "tag": "Data & Tech",
    "skillLevel": "English Learn",
    "categories": "Art & Design",
    "date": 1100,
    "insName": "Ch. Bronte"
  },
  {
    "id": 12,
    "title": "Minws course to under stand about solution",
    "lesson": "25 Lesson",
    "duration": "1 hr 40 min",
    "featured": true,
    "price": 40,
    "isFree": false,
    "tag": "Ux Desgin",
    "skillLevel": "Fullstack",
    "categories": "Art & Design",
    "date": 1110,
    "insName": "Al. Huxley"
  },
  {
    "id": 13,
    "title": "Design course to under stand about solution",
    "lesson": "36 Lesson",
    "duration": " 3 hr 40 min",
    "featured": true,
    "price": 40,
    "isFree": false,
    "tag": "English",
    "skillLevel": "Wordpress",
    "categories": "Business",
    "date": 1120,
    "insName": "Th. Hardy"
  },
  {
    "id": 14,
    "title": "Data course to under stand about solution",
    "lesson": " 36 Lesson",
    "duration": "3 hr 40 min",
    "featured": true,
    "price": 40,
    "isFree": false,
    "tag": "Ux Desgin",
    "skillLevel": "Wordpress",
    "categories": "Art & Design",
    "date": 1130,
    "insName": "D.H. Lawrence"
  },
  {
    "id": 15,
    "title": "Big data to under stand about solution pacage",
    "lesson": "30 Lesson",
    "duration": "3 hr 40 min",
    "featured": true,
    "price": 40,
    "isFree": false,
    "tag": "Mechanic",
    "skillLevel": "Wordpress",
    "categories": "Business",
    "date": 1140,
    "insName": "Mary Shelley"
  },
  {
    "id": 16,
    "title": "Foundation course to understand about software",
    "lesson": "23 Lesson",
    "duration": "1 hr 30 min",
    "featured": true,
    "price": 32,
    "isFree": false,
    "tag": "Data & Tech",
    "skillLevel": "Fullstack",
    "categories": "Web Design",
    "date": 1150,
    "insName": "H.G. Wells"
  },
  {
    "id": 17,
    "title": "Nidnies course to under stand about softwere",
    "lesson": "29 Lesson",
    "duration": "2 hr 10 min",
    "featured": false,
    "price": 32,
    "isFree": true,
    "tag": "Computer Science",
    "skillLevel": "Wordpress",
    "categories": "Web Design",
    "date": 1160,
    "insName": "Oscar Wilde"
  },
  {
    "id": 18,
    "title": "Minws course to under stand about solution",
    "lesson": "25 Lesson",
    "duration": "1 hr 40 min",
    "featured": false,
    "price": 40,
    "isFree": false,
    "tag": "English",
    "skillLevel": "Fullstack",
    "categories": "Health & Fitness",
    "date": 1170,
    "insName": "J.K. Rowling"
  },
  {
    "id": 19,
    "title": "Design course to under stand about solution",
    "lesson": "36 Lesson",
    "duration": " 3 hr 40 min",
    "featured": false,
    "price": 40,
    "isFree": false,
    "tag": "Ux Desgin",
    "skillLevel": "Wordpress",
    "categories": "Personal Development",
    "date": 1180,
    "insName": "G. Chaucer"
  },
  {
    "id": 20,
    "title": "Data course to under stand about solution",
    "lesson": " 36 Lesson",
    "duration": "3 hr 40 min",
    "featured": false,
    "price": 40,
    "isFree": false,
    "tag": "Ux Desgin",
    "skillLevel": "Fullstack",
    "categories": "Personal Development",
    "date": 1190,
    "insName": "John Miltonn"
  },
  {
    "id": 21,
    "title": "Big data to under stand about solution pacage",
    "lesson": "30 Lesson",
    "duration": "3 hr 40 min",
    "featured": false,
    "price": 40,
    "isFree": false,
    "tag": "Computer Science",
    "skillLevel": "Fullstack",
    "categories": "Web Design",
    "date": 1200,
    "insName": "W. Wordsworth"
  },
  {
    "id": 22,
    "title": "Foundation course to understand about software",
    "lesson": "23 Lesson",
    "duration": "1 hr 30 min",
    "featured": false,
    "price": 32,
    "isFree": false,
    "tag": "Ux Desgin",
    "skillLevel": "Wordpress",
    "categories": "Web Design",
    "date": 1210,
    "insName": "S.T. Coleridge"
  },
  {
    "id": 23,
    "title": "Nidnies course to under stand about softwere",
    "lesson": "29 Lesson",
    "duration": "2 hr 10 min",
    "featured": false,
    "price": 32,
    "isFree": true,
    "tag": "Data & Tech",
    "skillLevel": "Wordpress",
    "categories": "Finance",
    "date": 1220,
    "insName": "Lord Byron"
  },
  {
    "id": 24,
    "title": "Minws course to under stand about solution",
    "lesson": "25 Lesson",
    "duration": "1 hr 40 min",
    "featured": false,
    "price": 40,
    "isFree": false,
    "tag": "Ux Desgin",
    "skillLevel": "Fullstack",
    "categories": "Mobile Application",
    "date": 1230,
    "insName": "P.B. Shelley"
  },
  {
    "id": 25,
    "title": "Foundation course to understand about software",
    "lesson": "23 Lesson",
    "duration": "1 hr 30 min",
    "featured": false,
    "price": 32,
    "isFree": false,
    "tag": "Mechanic",
    "skillLevel": "English Learn",
    "categories": "Mobile Application",
    "date": 1240,
    "insName": "R. Browning"
  },
  {
    "id": 26,
    "title": "Nidnies course to under stand about softwere",
    "lesson": "29 Lesson",
    "duration": "2 hr 10 min",
    "featured": false,
    "price": 32,
    "isFree": true,
    "tag": "Ux Desgin",
    "skillLevel": "English Learn",
    "categories": "Personal Development",
    "date": 1250,
    "insName": "E.B. Browning"
  },
  {
    "id": 27,
    "title": "Minws course to under stand about solution",
    "lesson": "25 Lesson",
    "duration": "1 hr 40 min",
    "featured": false,
    "price": 40,
    "isFree": false,
    "tag": "Computer Science",
    "skillLevel": "Fullstack",
    "categories": "Development",
    "date": 1260,
    "insName": "T.S. Eliot"
  },
  {
    "id": 28,
    "title": "Design course to under stand about solution",
    "lesson": "36 Lesson",
    "duration": " 3 hr 40 min",
    "featured": false,
    "price": 40,
    "isFree": false,
    "tag": "Data & Tech",
    "skillLevel": "English Learn",
    "categories": "Development",
    "date": 1270,
    "insName": "W.H. Auden"
  },
  {
    "id": 29,
    "title": "Data course to under stand about solution",
    "lesson": " 36 Lesson",
    "duration": "3 hr 40 min",
    "featured": false,
    "price": 40,
    "isFree": false,
    "tag": "Data & Tech",
    "skillLevel": "Fullstack",
    "categories": "Finance",
    "date": 1280,
    "insName": "R. Kipling"
  },
  {
    "id": 30,
    "title": "Big data to under stand about solution pacage",
    "lesson": "30 Lesson",
    "duration": "3 hr 40 min",
    "featured": false,
    "price": 40,
    "isFree": false,
    "tag": "Computer Science",
    "skillLevel": "English Learn",
    "categories": "Personal Development",
    "date": 1290,
    "insName": "E.M. Forster"
  },
  {
    "id": 21,
    "title": "Foundation course to understand about software",
    "lesson": "23 Lesson",
    "duration": "1 hr 30 min",
    "featured": false,
    "price": 32,
    "isFree": false,
    "tag": "Ux Desgin",
    "skillLevel": "English Learn",
    "categories": "Marketing",
    "date": 1300,
    "insName": "A. Trollope"
  },
  {
    "id": 32,
    "title": "Nidnies course to under stand about softwere",
    "lesson": "29 Lesson",
    "duration": "2 hr 10 min",
    "featured": false,
    "price": 32,
    "isFree": true,
    "tag": "English",
    "skillLevel": "English Learn",
    "categories": "Mobile Application",
    "date": 1310,
    "insName": "G. Greene"
  },
  {
    "id": 33,
    "title": "Minws course to under stand about solution",
    "lesson": "25 Lesson",
    "duration": "1 hr 40 min",
    "featured": false,
    "price": 40,
    "isFree": false,
    "tag": "Data & Tech",
    "skillLevel": "Fullstack",
    "categories": "Lifestyle",
    "date": 1320,
    "insName": "E. Waugh"
  },
  {
    "id": 34,
    "title": "Design course to under stand about solution",
    "lesson": "36 Lesson",
    "duration": " 3 hr 40 min",
    "featured": false,
    "price": 40,
    "isFree": false,
    "tag": "Computer Science",
    "skillLevel": "Fullstack",
    "categories": "Marketing",
    "date": 1330,
    "insName": "Kingsley Amis"
  },
  {
    "id": 35,
    "title": "Data course to under stand about solution",
    "lesson": " 36 Lesson",
    "duration": "3 hr 40 min",
    "featured": false,
    "price": 40,
    "isFree": false,
    "tag": "Ux Desgin",
    "skillLevel": "English Learn",
    "categories": "Lifestyle",
    "date": 1340,
    "insName": "Martin Amis"
  },
  {
    "id": 36,
    "title": "Big data to under stand about solution pacage",
    "lesson": "30 Lesson",
    "duration": "3 hr 40 min",
    "featured": false,
    "price": 40,
    "isFree": false,
    "tag": "Data & Tech",
    "skillLevel": "English Learn",
    "categories": "Marketing",
    "date": 1350,
    "insName": "Ian McEwan"
  },
  {
    "id": 37,
    "title": "Foundation course to understand about software",
    "lesson": "23 Lesson",
    "duration": "1 hr 30 min",
    "featured": false,
    "price": 32,
    "isFree": false,
    "tag": "Mechanic",
    "skillLevel": "Fullstack",
    "categories": "Marketing",
    "date": 1350,
    "insName": "Julian Barnes"
  },
  {
    "id": 38,
    "title": "Nidnies course to under stand about softwere",
    "lesson": "29 Lesson",
    "duration": "2 hr 10 min",
    "featured": false,
    "price": 32,
    "isFree": true,
    "tag": "Computer Science",
    "skillLevel": "English Learn",
    "categories": "Lifestyle",
    "date": 1360,
    "insName": "Doris Lessing"
  },
  {
    "id": 39,
    "title": "Minws course to under stand about solution",
    "lesson": "25 Lesson",
    "duration": "1 hr 40 min",
    "featured": false,
    "price": 40,
    "isFree": false,
    "tag": "Computer Science",
    "skillLevel": "English Learn",
    "categories": "Photography",
    "date": 1370,
    "insName": "Salman Rushdie"
  },
  {
    "id": 40,
    "title": "Foundation course to understand about software",
    "lesson": "23 Lesson",
    "duration": "1 hr 30 min",
    "featured": false,
    "price": 32,
    "isFree": false,
    "tag": "Data & Tech",
    "skillLevel": "English Learn",
    "categories": "Data Science",
    "date": 1380,
    "insName": "Zadie Smith"
  },
  {
    "id": 41,
    "title": "Nidnies course to under stand about softwere",
    "lesson": "29 Lesson",
    "duration": "2 hr 10 min",
    "featured": false,
    "price": 32,
    "isFree": true,
    "tag": "Computer Science",
    "skillLevel": "English Learn",
    "categories": "Photography",
    "date": 1390,
    "insName": "Hilary Mantel"
  },
  {
    "id": 42,
    "title": "Minws course to under stand about solution",
    "lesson": "25 Lesson",
    "duration": "1 hr 40 min",
    "featured": false,
    "price": 40,
    "isFree": false,
    "tag": "Ux Desgin",
    "skillLevel": "Fullstack",
    "categories": "Data Science",
    "date": 1400,
    "insName": "Kazuo Ishiguro"
  },
  {
    "id": 43,
    "title": "Design course to under stand about solution",
    "lesson": "36 Lesson",
    "duration": " 3 hr 40 min",
    "featured": false,
    "price": 40,
    "isFree": false,
    "tag": "Ux Desgin",
    "skillLevel": "Intermediate",
    "categories": "Development",
    "date": 1410,
    "insName": "V.S. Naipaul"
  },
  {
    "id": 44,
    "title": "Data course to under stand about solution",
    "lesson": " 36 Lesson",
    "duration": "3 hr 40 min",
    "featured": false,
    "price": 40,
    "isFree": false,
    "tag": "Ux Desgin",
    "skillLevel": "Intermediate",
    "categories": "Development",
    "date": 1420,
    "insName": "John le Carre"
  },
  {
    "id": 45,
    "title": "Big data to under stand about solution pacage",
    "lesson": "30 Lesson",
    "duration": "3 hr 40 min",
    "featured": false,
    "price": 40,
    "isFree": false,
    "tag": "Data & Tech",
    "skillLevel": "Fullstack",
    "categories": "Art & Design",
    "date": 1430,
    "insName": "Roald Dahl"
  },
  {
    "id": 46,
    "title": "Foundation course to understand about software",
    "lesson": "23 Lesson",
    "duration": "1 hr 30 min",
    "featured": false,
    "price": 32,
    "isFree": false,
    "tag": "Ux Desgin",
    "skillLevel": "Intermediate",
    "categories": "Development",
    "date": 1440,
    "insName": "Lewis Carroll"
  },
  {
    "id": 47,
    "title": "Nidnies course to under stand about softwere",
    "lesson": "29 Lesson",
    "duration": "2 hr 10 min",
    "featured": false,
    "price": 32,
    "isFree": true,
    "tag": "Ux Desgin",
    "skillLevel": "Fullstack",
    "categories": "Data Science",
    "date": 1450,
    "insName": "Beatrix Potter"
  },
  {
    "id": 48,
    "title": "Minws course to under stand about solution",
    "lesson": "25 Lesson",
    "duration": "1 hr 40 min",
    "featured": false,
    "price": 40,
    "isFree": false,
    "tag": "Mechanic",
    "skillLevel": "Intermediate",
    "categories": "Development",
    "date": 1460,
    "insName": "George Eliot"
  },
  {
    "id": 49,
    "title": "Design course to under stand about solution",
    "lesson": "36 Lesson",
    "duration": " 3 hr 40 min",
    "featured": false,
    "price": 40,
    "isFree": false,
    "tag": "Ux Desgin",
    "skillLevel": "Intermediate",
    "categories": "Development",
    "date": 1470,
    "insName": "Ke. Grahame"
  },
  {
    "id": 50,
    "title": "Data course to under stand about solution",
    "lesson": " 36 Lesson",
    "duration": "3 hr 40 min",
    "featured": false,
    "price": 40,
    "isFree": false,
    "tag": "Data & Tech",
    "skillLevel": "Fullstack",
    "categories": "Health & Fitness",
    "date": 1480,
    "insName": "P.G. Wodehouse"
  },
  {
    "id": 51,
    "title": "Big data to under stand about solution pacage",
    "lesson": "30 Lesson",
    "duration": "3 hr 40 min",
    "featured": false,
    "price": 40,
    "isFree": false,
    "tag": "Mechanic",
    "skillLevel": "Intermediate",
    "categories": "Data Science",
    "date": 1490,
    "insName": "A.A. Milne"
  },
  {
    "id": 52,
    "title": "Foundation course to understand about software",
    "lesson": "23 Lesson",
    "duration": "1 hr 30 min",
    "featured": false,
    "price": 32,
    "isFree": false,
    "tag": "Mechanic",
    "skillLevel": "Fullstack",
    "categories": "Data Science",
    "date": 1500,
    "insName": "John Keats"
  },
  {
    "id": 53,
    "title": "Nidnies course to under stand about softwere",
    "lesson": "29 Lesson",
    "duration": "2 hr 10 min",
    "featured": false,
    "price": 32,
    "isFree": true,
    "tag": "Mechanic",
    "skillLevel": "Intermediate",
    "categories": "Business",
    "date": 1510,
    "insName": "William Blake"
  },
  {
    "id": 54,
    "title": "Minws course to under stand about solution",
    "lesson": "25 Lesson",
    "duration": "1 hr 40 min",
    "featured": false,
    "price": 40,
    "isFree": false,
    "tag": "Mechanic",
    "skillLevel": "Intermediate",
    "categories": "Business",
    "date": 1520,
    "insName": "Ben Jonson"
  }
]
