[
  {
    "id": 1,
    "title": "Book stand about Software",
    "featured": true,
    "price": 110,
    "previousPrice": 67,
    "date": 114,
    "bestSeller": false,
    "status": "Sale",
    "collection": "hot sale",
    "type": "Sports",
    "size": "S",
    "color": "Black",
    "availability": "Out of stock",
    "productType": "Chair",
    "brand": "Amazon",
    "disc": 27,
    "offer": "black friday",
    "reviews": 44
  },
  {
    "id": 2,
    "title": "Nice stand about peek",
    "featured": true,
    "price": 56,
    "previousPrice": 99,
    "date": 214,
    "bestSeller": false,
    "status": "New",
    "collection": "new",
    "type": "Coocking",
    "size": "M",

    "color": "Blue",
    "availability": "In stock",
    "productType": "Table",
    "brand": "Amazon",
    "disc": 20,

    "offer": "cyber monday",
    "reviews": 98
  },
  {
    "id": 3,
    "title": "Nided minid lnided codad",
    "featured": true,
    "price": 57,
    "previousPrice": 88,
    "date": 314,
    "bestSeller": false,
    "status": "Sold Out",
    "collection": "hot sale",
    "type": "Affiliate",
    "size": "L",

    "color": "Grey",
    "availability": "Out of stock",
    "productType": "Chair",
    "brand": "Amazon",
    "disc": 28,

    "offer": "black friday",
    "reviews": 45
  },
  {
    "id": 4,
    "title": "Pendi mandie kond maedsd",
    "featured": true,
    "price": 88,
    "previousPrice": 99,
    "date": 414,
    "bestSeller": false,
    "status": "20% Off",
    "collection": "hot sale",
    "type": "Drama",
    "size": "XL",

    "color": "Pink",
    "availability": "In stock",
    "productType": "Chair",
    "brand": "Apple",

    "disc": 20,

    "offer": "discount",
    "reviews": 45
  },

  {
    "id": 5,
    "title": "Book stand about Software",
    "featured": true,
    "price": 110,
    "previousPrice": 67,
    "date": 514,
    "bestSeller": false,
    "status": "Sale",
    "collection": "hot sale",
    "type": "Development",
    "size": "XXL",
    "color": "Black",
    "availability": "Out of stock",
    "productType": "Table",
    "brand": "Amazon",
    "disc": 21,

    "offer": "cyber monday",
    "reviews": 44
  },
  {
    "id": 6,
    "title": "Nice stand about peek",
    "featured": true,
    "price": 56,
    "previousPrice": 99,
    "date": 614,
    "bestSeller": false,
    "status": "New",
    "collection": "new",
    "type": "Business",
    "size": "S",
    "color": "Blue",
    "availability": "In stock",
    "productType": "Table",
    "brand": "Apple",
    "disc": 23,

    "offer": "black friday",
    "reviews": 98
  },
  {
    "id": 7,
    "title": "Nided minid lnided codad",
    "featured": false,
    "price": 57,
    "previousPrice": 88,
    "date": 714,
    "bestSeller": true,
    "status": "Sold Out",
    "collection": "best selling",
    "type": "Marketing",
    "size": "XXL",
    "color": "Grey",
    "availability": "Out of stock",
    "productType": "Table",
    "brand": "Amazon",
    "disc": 24,

    "offer": "cyber monday",
    "reviews": 45
  },
  {
    "id": 8,
    "title": "Pendi mandie kond maedsd",
    "featured": false,
    "price": 88,
    "previousPrice": 99,
    "date": 814,
    "bestSeller": true,
    "status": "25% Off",
    "collection": "best selling",
    "type": "Development",
    "size": "XL",

    "color": "Pink",
    "availability": "In stock",
    "productType": "Chair",
    "brand": "Apple",
    "disc": 25,

    "offer": "discount",
    "reviews": 45
  },

  {
    "id": 9,
    "title": "Book stand about Software",
    "featured": false,
    "price": 110,
    "previousPrice": 67,
    "date": 914,
    "bestSeller": true,
    "status": "Sale",
    "collection": "best selling",
    "type": "Sports",
    "size": "S",
    "color": "Red",
    "availability": "In stock",
    "productType": "Table",
    "brand": "Amazon",
    "disc": null,

    "offer": "cyber monday",
    "reviews": 44
  },
  {
    "id": 10,
    "title": "Nice stand about peek",
    "featured": false,
    "price": 56,
    "previousPrice": 99,
    "date": 1014,
    "bestSeller": true,
    "status": "New",
    "collection": "best selling",
    "type": "Development",
    "size": "M",
    "color": "Red",
    "availability": "Out of stock",
    "productType": "Table",
    "brand": "Amazon",
    "disc": 27,

    "offer": "black friday",
    "reviews": 98
  },
  {
    "id": 11,
    "title": "Nided minid lnided codad",
    "featured": false,
    "price": 57,
    "previousPrice": 88,
    "date": 114,
    "bestSeller": true,
    "status": "Sold Out",
    "collection": "best selling",
    "type": "Development",
    "size": "XXL",
    "color": "White",
    "availability": "In stock",
    "productType": "Chair",
    "brand": "Amazon",
    "disc": 20,

    "offer": "cyber monday",
    "reviews": 45
  },
  {
    "id": 12,
    "title": "Pendi mandie kond maedsd",
    "featured": false,
    "price": 88,
    "previousPrice": 99,
    "date": 1114,
    "bestSeller": true,
    "status": "27% Off",
    "collection": "best selling",
    "type": "Drama",
    "size": "XL",

    "color": "Yellow",
    "availability": "Out of stock",
    "productType": "Table",
    "brand": "Apple",
    "disc": 27,

    "offer": "discount",
    "reviews": 45
  },
  {
    "id": 13,
    "title": "Nice stand about peek",
    "featured": false,
    "price": 56,
    "previousPrice": 99,
    "date": 1214,
    "bestSeller": true,
    "status": "New",
    "collection": "best selling",
    "type": "Business",
    "size": "L",

    "color": "Black",
    "availability": "Out of stock",
    "productType": "Chair",
    "brand": "Amazon",
    "disc": 20,

    "offer": "cyber monday",
    "reviews": 98
  },
  {
    "id": 14,
    "title": "Nided minid lnided codad",
    "featured": false,
    "price": 57,
    "previousPrice": 88,
    "date": 1314,
    "bestSeller": true,
    "status": "Sold Out",
    "collection": "best selling",
    "type": "Affiliate",
    "size": "M",

    "color": "Black",

    "availability": "In stock",
    "productType": "Chair",
    "brand": "Apple",
    "disc": 22,

    "offer": "cyber monday",
    "reviews": 45
  },
  {
    "id": 15,
    "title": "Pendi mandie kond maedsd",
    "featured": false,
    "price": 88,
    "previousPrice": 99,
    "date": 1414,
    "bestSeller": true,
    "status": "18% Off",
    "collection": "new",
    "type": "Drama",
    "size": "M",

    "color": "Yellow",
    "availability": "In stock",
    "productType": "Table",
    "brand": "Amazon",
    "disc": 18,

    "offer": "discount",
    "reviews": 45
  },

  {
    "id": 16,
    "title": "Book stand about Software",
    "featured": false,
    "price": 110,
    "previousPrice": 67,
    "date": 1514,
    "bestSeller": true,
    "status": "Sale",
    "collection": "hot sale",
    "type": "Development",
    "size": "M",

    "color": "Blue",
    "availability": "Out of stock",
    "productType": "Chair",
    "brand": "Apple",
    "disc": 24,

    "offer": "cyber monday",
    "reviews": 44
  },
  {
    "id": 17,
    "title": "Nice stand about peek",
    "featured": false,
    "price": 56,
    "previousPrice": 99,
    "date": 1614,
    "bestSeller": true,
    "status": "New",
    "collection": "new",
    "type": "Coocking",
    "size": "S",

    "color": "Blue",
    "availability": "Out of stock",
    "productType": "Table",
    "brand": "Apple",
    "disc": 23,

    "offer": "black friday",
    "reviews": 98
  },
  {
    "id": 18,
    "title": "Nided minid lnided codad",
    "featured": false,
    "price": 57,
    "previousPrice": 88,
    "date": 1714,
    "bestSeller": true,
    "status": "Sold Out",
    "collection": "new",
    "type": "Marketing",
    "size": "L",

    "color": "Pink",
    "availability": "In stock",
    "productType": "Chair",
    "brand": "Amazon",
    "disc": 22,

    "offer": "black friday",
    "reviews": 45
  },
  {
    "id": 19,
    "title": "Pendi mandie kond maedsd",
    "featured": false,
    "price": 88,
    "previousPrice": 99,
    "date": 1814,
    "bestSeller": true,
    "status": "21% Off",
    "collection": "new",
    "type": "Drama",
    "size": "L",

    "color": "Black",
    "availability": "Out of stock",
    "productType": "Chair",
    "brand": "Amazon",
    "disc": 21,

    "offer": "discount",
    "reviews": 45
  },

  {
    "id": 20,
    "title": "Book stand about Software",
    "featured": false,
    "price": 110,
    "previousPrice": 67,
    "date": 1914,
    "bestSeller": true,
    "status": "Sale",
    "collection": "hot sale",
    "type": "Marketing",
    "size": "M",

    "color": "Black",
    "availability": "In stock",
    "productType": "Table",
    "brand": "Amazon",
    "disc": 20,

    "offer": "cyber monday",
    "reviews": 44
  },
  {
    "id": 21,
    "title": "Nice stand about peek",
    "featured": false,
    "price": 56,
    "previousPrice": 99,
    "date": 2014,
    "bestSeller": true,
    "status": "New",
    "collection": "new",
    "type": "Business",
    "size": "L",

    "color": "Black",
    "availability": "In stock",
    "productType": "Chair",
    "brand": "Amazon",
    "disc": 26,

    "offer": "black friday",
    "reviews": 98
  },
  {
    "id": 22,
    "title": "Nided minid lnided codad",
    "featured": false,
    "price": 57,
    "previousPrice": 88,
    "date": 2114,
    "bestSeller": true,
    "status": "Sold Out",
    "collection": "new",
    "type": "Affiliate",
    "size": "M",

    "color": "Yellow",
    "availability": "Out of stock",
    "productType": "Table",
    "brand": "Apple",
    "disc": null,

    "offer": "cyber monday",
    "reviews": 45
  },
  {
    "id": 23,
    "title": "Book stand about Software",
    "featured": false,
    "price": 110,
    "previousPrice": 67,
    "date": 2214,
    "bestSeller": true,
    "status": "Sale",
    "collection": "hot sale",
    "type": "Sports",
    "size": "XXL",
    "color": "Black",
    "availability": "In stock",
    "productType": "Chair",
    "brand": "Amazon",
    "disc": null,

    "offer": "black friday",
    "reviews": 44
  },
  {
    "id": 24,
    "title": "Pendi mandie kond maedsd",
    "featured": false,
    "price": 88,
    "previousPrice": 99,
    "date": 2314,
    "bestSeller": true,
    "status": "24% Off",
    "collection": "new",
    "type": "Drama",
    "size": "XL",

    "color": "Blue",
    "availability": "Out of stock",
    "productType": "Table",
    "brand": "Amazon",
    "disc": 24,

    "offer": "discount",
    "reviews": 45
  },
  {
    "id": 25,
    "title": "Nided minid lnided codad",
    "featured": false,
    "price": 57,
    "previousPrice": 88,
    "date": 2414,
    "bestSeller": true,
    "status": "Sold Out",
    "collection": "new",
    "type": "Affiliate",
    "size": "S",

    "color": "White",
    "availability": "In stock",
    "productType": "Chair",
    "brand": "Apple",
    "disc": null,

    "offer": "black friday",
    "reviews": 45
  },
  {
    "id": 26,
    "title": "Pendi mandie kond maedsd",
    "featured": false,
    "price": 88,
    "previousPrice": 99,
    "date": 2514,
    "bestSeller": true,
    "status": "23% Off",
    "collection": "new",
    "type": "Marketing",
    "size": "XL",

    "color": "Pink",
    "availability": "In stock",
    "productType": "Table",
    "brand": "Amazon",
    "disc": 23,

    "offer": "discount",
    "reviews": 45
  },

  {
    "id": 27,
    "title": "Book stand about Software",
    "featured": false,
    "price": 110,
    "previousPrice": 67,
    "date": 2614,
    "bestSeller": true,
    "status": "Sale",
    "collection": "hot sale",
    "type": "Sports",
    "size": "XL",

    "color": "Violet",
    "availability": "Out of stock",
    "productType": "Table",
    "brand": "Apple",
    "disc": null,

    "offer": "cyber monday",
    "reviews": 44
  },
  {
    "id": 28,
    "title": "Nice stand about peek",
    "featured": false,
    "price": 56,
    "previousPrice": 99,
    "date": 2714,
    "bestSeller": true,
    "status": "New",
    "collection": "new",
    "type": "Coocking",
    "size": "XL",

    "color": "Red",
    "availability": "Out of stock",
    "productType": "Chair",
    "brand": "Amazon",
    "disc": null,

    "offer": "black friday",
    "reviews": 98
  },
  {
    "id": 29,
    "title": "Nided minid lnided codad",
    "featured": false,
    "price": 57,
    "previousPrice": 88,
    "date": 114,
    "bestSeller": true,
    "status": "Sold Out",
    "collection": "new",
    "type": "Affiliate",
    "size": "XL",

    "color": "Pink",
    "availability": "Out of stock",
    "productType": "Chair",
    "brand": "Apple",
    "disc": null,

    "offer": "black friday",
    "reviews": 45
  },
  {
    "id": 30,
    "title": "Pendi mandie kond maedsd",
    "featured": false,
    "price": 88,
    "previousPrice": 99,
    "date": 2814,
    "bestSeller": true,
    "status": "16% Off",
    "collection": "new",
    "type": "Drama",
    "size": "M",

    "color": "Grey",
    "availability": "In stock",
    "productType": "Chair",
    "brand": "Amazon",
    "disc": 16,

    "offer": "discount",
    "reviews": 45
  },

  {
    "id": 31,
    "title": "Book stand about Software",
    "featured": false,
    "price": 110,
    "previousPrice": 67,
    "date": 2914,
    "bestSeller": false,
    "status": "Sale",
    "collection": "hot sale",
    "type": "Sports",
    "size": "XL",

    "color": "Red",
    "availability": "Out of stock",
    "productType": "Table",
    "brand": "Amazon",
    "disc": 27,

    "offer": "cyber monday",
    "reviews": 44
  },
  {
    "id": 110,
    "title": "Nice stand about peek",
    "featured": false,
    "price": 56,
    "previousPrice": 99,
    "date": 114,
    "bestSeller": false,
    "status": "New",
    "collection": "new",
    "type": "Coocking",
    "size": "XL",
    "color": "Violet",
    "availability": "Out of stock",
    "productType": "Table",
    "brand": "Apple",
    "disc": null,
    "offer": "black friday",
    "reviews": 98
  },
  {
    "id": 33,
    "title": "Nided minid lnided codad",
    "featured": false,
    "price": 57,
    "previousPrice": 88,
    "date": 3014,
    "bestSeller": false,
    "status": "Sold Out",
    "collection": "new",
    "type": "Affiliate",
    "size": "M",
    "color": "Pink",
    "availability": "In stock",
    "productType": "Table",
    "brand": "Amazon",
    "disc": null,
    "offer": "cyber monday",
    "reviews": 45
  }
]
